Source.Name;Province_State;Country_Region;Last_Update;Confirmed;Deaths;Recovered;New_Recovered;Active;Combined_Key;Incident_Rate;Case_Fatality_Ratio
05-15-2020.csv;Lazio;Italy;16/05/2020 02:32;7364;604;2672;72;4088;Lazio, Italy;;
05-16-2020.csv;Lazio;Italy;17/05/2020 02:32;7396;616;2758;86;4022;Lazio, Italy;;
05-17-2020.csv;Lazio;Italy;18/05/2020 02:32;7446;622;2914;156;3910;Lazio, Italy;;
05-18-2020.csv;Lazio;Italy;19/05/2020 02:32;7485;628;3031;117;3826;Lazio, Italy;;
05-19-2020.csv;Lazio;Italy;20/05/2020 02:32;7505;640;3079;48;3786;Lazio, Italy;;
05-20-2020.csv;Lazio;Italy;21/05/2020 02:32;7533;647;3100;21;3786;Lazio, Italy;;
05-21-2020.csv;Lazio;Italy;22/05/2020 02:36;7558;662;3259;159;3637;Lazio, Italy;;
05-22-2020.csv;Lazio;Italy;23/05/2020 02:32;7589;669;3285;26;3635;Lazio, Italy;;
05-23-2020.csv;Lazio;Italy;24/05/2020 02:32;7607;676;3350;65;3581;Lazio, Italy;;
05-24-2020.csv;Lazio;Italy;25/05/2020 02:32;7627;684;3374;24;3569;Lazio, Italy;;
05-25-2020.csv;Lazio;Italy;26/05/2020 02:32;7643;688;3401;27;3554;Lazio, Italy;;
05-26-2020.csv;Lazio;Italy;27/05/2020 02:32;7661;693;3430;29;3538;Lazio, Italy;;
05-27-2020.csv;Lazio;Italy;28/05/2020 02:32;7672;701;3483;53;3488;Lazio, Italy;;
05-28-2020.csv;Lazio;Italy;29/05/2020 02:32;7693;708;3580;97;3405;Lazio, Italy;;
05-29-2020.csv;Lazio;Italy;30/05/2020 02:32;7709;721;3825;245;3163;Lazio, Italy;;
05-30-2020.csv;Lazio;Italy;31/05/2020 02:32;7715;728;3932;107;3055;Lazio, Italy;;
05-31-2020.csv;Lazio;Italy;01/06/2020 02:32;7728;735;4010;78;2983;Lazio, Italy;;
06-01-2020.csv;Lazio;Italy;02/06/2020 02:33;7738;739;4105;95;2894;Lazio, Italy;;
06-02-2020.csv;Lazio;Italy;03/06/2020 02:33;7743;741;4155;50;2847;Lazio, Italy;;
06-03-2020.csv;Lazio;Italy;04/06/2020 02:33;7753;747;4188;33;2818;Lazio, Italy;;
06-04-2020.csv;Lazio;Italy;05/06/2020 02:33;7764;750;4260;72;2754;Lazio, Italy;;
06-05-2020.csv;Lazio;Italy;06/06/2020 02:33;7773;754;4309;49;2710;Lazio, Italy;;
06-06-2020.csv;Lazio;Italy;07/06/2020 03:53;7801;758;4346;37;2697;Lazio, Italy;;
06-07-2020.csv;Lazio;Italy;08/06/2020 03:33;7812;760;4362;16;2690;Lazio, Italy;;
06-08-2020.csv;Lazio;Italy;09/06/2020 03:33;7828;763;4450;88;2615;Lazio, Italy;;
06-09-2020.csv;Lazio;Italy;10/06/2020 04:07;7851;766;4515;65;2570;Lazio, Italy;;
06-10-2020.csv;Lazio;Italy;11/06/2020 03:33;7869;770;4533;18;2566;Lazio, Italy;;
06-11-2020.csv;Lazio;Italy;12/06/2020 05:09;7889;776;4596;63;2517;Lazio, Italy;;
06-12-2020.csv;Lazio;Italy;13/06/2020 03:33;7916;781;4913;317;2222;Lazio, Italy;;
06-13-2020.csv;Lazio;Italy;14/06/2020 03:33;7941;806;5778;865;1357;Lazio, Italy;;
06-14-2020.csv;Lazio;Italy;15/06/2020 03:33;7955;808;5825;47;1322;Lazio, Italy;;
06-15-2020.csv;Lazio;Italy;16/06/2020 04:33;7958;811;5855;30;1292;Lazio, Italy;;
06-16-2020.csv;Lazio;Italy;17/06/2020 04:33;7967;814;6024;169;1129;Lazio, Italy;;
06-17-2020.csv;Lazio;Italy;18/06/2020 04:33;7977;818;6120;96;1039;Lazio, Italy;;
06-18-2020.csv;Lazio;Italy;19/06/2020 04:33;7986;822;6167;47;997;Lazio, Italy;;
06-19-2020.csv;Lazio;Italy;20/06/2020 04:33;7995;826;6181;14;988;Lazio, Italy;;
06-20-2020.csv;Lazio;Italy;21/06/2020 04:33;8009;827;6195;14;987;Lazio, Italy;;
06-21-2020.csv;Lazio;Italy;22/06/2020 04:33;8017;827;6199;4;991;Lazio, Italy;;
06-22-2020.csv;Lazio;Italy;23/06/2020 04:33;8025;830;6250;51;945;Lazio, Italy;;
06-23-2020.csv;Lazio;Italy;24/06/2020 04:33;8033;832;6315;65;886;Lazio, Italy;;
06-24-2020.csv;Lazio;Italy;25/06/2020 05:26;8039;833;6337;22;869;Lazio, Italy;;
06-25-2020.csv;Lazio;Italy;26/06/2020 04:33;8051;835;6354;17;862;Lazio, Italy;;
06-26-2020.csv;Lazio;Italy;27/06/2020 04:33;8064;836;6412;58;816;Lazio, Italy;;
06-27-2020.csv;Lazio;Italy;28/06/2020 04:34;8082;837;6418;6;827;Lazio, Italy;;
06-28-2020.csv;Lazio;Italy;29/06/2020 04:33;8096;837;6418;0;841;Lazio, Italy;;
06-29-2020.csv;Lazio;Italy;30/06/2020 04:33;8105;837;6428;10;840;Lazio, Italy;;
06-30-2020.csv;Lazio;Italy;01/07/2020 04:33;8110;837;6437;9;836;Lazio, Italy;;
07-01-2020.csv;Lazio;Italy;02/07/2020 04:33;8119;839;6448;11;832;Lazio, Italy;;
07-02-2020.csv;Lazio;Italy;03/07/2020 04:33;8130;839;6460;12;831;Lazio, Italy;;
07-03-2020.csv;Lazio;Italy;04/07/2020 04:33;8141;840;6475;15;826;Lazio, Italy;;
07-04-2020.csv;Lazio;Italy;05/07/2020 04:33;8172;841;6477;2;854;Lazio, Italy;;
07-05-2020.csv;Lazio;Italy;06/07/2020 04:33;8186;841;6484;7;861;Lazio, Italy;;
07-06-2020.csv;Lazio;Italy;07/07/2020 04:34;8205;842;6493;9;870;Lazio, Italy;;
07-07-2020.csv;Lazio;Italy;08/07/2020 05:33;8210;842;6495;2;873;Lazio, Italy;;
07-08-2020.csv;Lazio;Italy;09/07/2020 04:34;8224;842;6508;13;874;Lazio, Italy;;
07-09-2020.csv;Lazio;Italy;10/07/2020 04:34;8252;843;6520;12;889;Lazio, Italy;;
07-10-2020.csv;Lazio;Italy;11/07/2020 04:34;8275;844;6530;10;901;Lazio, Italy;;
07-11-2020.csv;Lazio;Italy;12/07/2020 04:34;8294;844;6535;5;915;Lazio, Italy;;
07-12-2020.csv;Lazio;Italy;13/07/2020 04:43;8314;844;6557;22;913;Lazio, Italy;;
07-13-2020.csv;Lazio;Italy;14/07/2020 04:34;8338;845;6601;44;892;Lazio, Italy;;
07-14-2020.csv;Lazio;Italy;15/07/2020 04:34;8356;846;6616;15;894;Lazio, Italy;;
07-15-2020.csv;Lazio;Italy;16/07/2020 04:44;8376;847;6631;15;898;Lazio, Italy;;
07-16-2020.csv;Lazio;Italy;17/07/2020 04:34;8385;848;6687;56;850;Lazio, Italy;;
07-17-2020.csv;Lazio;Italy;18/07/2020 04:34;8399;849;6698;11;852;Lazio, Italy;;
07-18-2020.csv;Lazio;Italy;19/07/2020 04:34;8419;850;6703;5;866;Lazio, Italy;;
07-19-2020.csv;Lazio;Italy;20/07/2020 05:34;8436;851;6713;10;872;Lazio, Italy;;
07-20-2020.csv;Lazio;Italy;21/07/2020 04:38;8450;851;6714;1;885;Lazio, Italy;;
07-21-2020.csv;Lazio;Italy;22/07/2020 04:34;8456;853;6722;8;881;Lazio, Italy;;
07-22-2020.csv;Lazio;Italy;23/07/2020 05:15;8472;855;6728;6;889;Lazio, Italy;;
07-23-2020.csv;Lazio;Italy;24/07/2020 05:30;8498;856;6735;7;907;Lazio, Italy;;
07-24-2020.csv;Lazio;Italy;25/07/2020 04:47;8516;857;6743;8;916;Lazio, Italy;;
07-25-2020.csv;Lazio;Italy;26/07/2020 04:35;8535;858;6749;6;928;Lazio, Italy;;
07-26-2020.csv;Lazio;Italy;27/07/2020 04:35;8554;860;6759;10;935;Lazio, Italy;;
07-27-2020.csv;Lazio;Italy;28/07/2020 04:58;8567;861;6762;3;944;Lazio, Italy;;
07-28-2020.csv;Lazio;Italy;29/07/2020 04:35;8577;862;6773;11;942;Lazio, Italy;;
07-29-2020.csv;Lazio;Italy;30/07/2020 04:35;8611;862;6780;7;969;Lazio, Italy;;
07-30-2020.csv;Lazio;Italy;31/07/2020 04:35;8629;863;6829;49;937;Lazio, Italy;;
07-31-2020.csv;Lazio;Italy;01/08/2020 04:36;8647;863;6839;10;945;Lazio, Italy;;
08-01-2020.csv;Lazio;Italy;02/08/2020 04:34;8665;863;6852;13;950;Lazio, Italy;;
08-02-2020.csv;Lazio;Italy;03/08/2020 04:34;8682;863;6855;3;964;Lazio, Italy;;
08-03-2020.csv;Lazio;Italy;04/08/2020 04:41;8697;864;6859;4;974;Lazio, Italy;;
08-04-2020.csv;Lazio;Italy;05/08/2020 04:34;8714;864;6863;4;987;Lazio, Italy;;
08-05-2020.csv;Lazio;Italy;06/08/2020 04:35;8726;865;6878;15;983;Lazio, Italy;;
08-06-2020.csv;Lazio;Italy;07/08/2020 04:35;8744;865;6886;8;993;Lazio, Italy;;
08-07-2020.csv;Lazio;Italy;08/08/2020 04:34;8764;865;6891;5;1008;Lazio, Italy;;
08-08-2020.csv;Lazio;Italy;09/08/2020 04:34;8784;866;6901;10;1017;Lazio, Italy;;
08-09-2020.csv;Lazio;Italy;10/08/2020 04:34;8822;866;6910;9;1046;Lazio, Italy;;
08-10-2020.csv;Lazio;Italy;11/08/2020 04:35;8860;867;6912;2;1081;Lazio, Italy;;
08-11-2020.csv;Lazio;Italy;12/08/2020 04:27;8883;867;6915;3;1101;Lazio, Italy;;
08-12-2020.csv;Lazio;Italy;13/08/2020 04:29;8920;868;6931;16;1121;Lazio, Italy;;
08-13-2020.csv;Lazio;Italy;14/08/2020 04:51;8956;869;6960;29;1127;Lazio, Italy;;
08-14-2020.csv;Lazio;Italy;15/08/2020 04:27;9001;870;6966;6;1165;Lazio, Italy;;
08-15-2020.csv;Lazio;Italy;16/08/2020 04:27;9059;870;6971;5;1218;Lazio, Italy;;
08-16-2020.csv;Lazio;Italy;17/08/2020 04:27;9127;870;6973;2;1284;Lazio, Italy;;
08-17-2020.csv;Lazio;Italy;18/08/2020 04:27;9178;870;6979;6;1329;Lazio, Italy;;
08-18-2020.csv;Lazio;Italy;19/08/2020 04:27;9221;871;6991;12;1359;Lazio, Italy;;
08-19-2020.csv;Lazio;Italy;20/08/2020 04:27;9296;871;6996;5;1429;Lazio, Italy;;
08-20-2020.csv;Lazio;Italy;21/08/2020 04:27;9411;872;6999;3;1540;Lazio, Italy;;
08-21-2020.csv;Lazio;Italy;22/08/2020 04:27;9548;873;7009;10;1666;Lazio, Italy;;
08-22-2020.csv;Lazio;Italy;23/08/2020 04:27;9763;873;7020;11;1870;Lazio, Italy;;
08-23-2020.csv;Lazio;Italy;24/08/2020 04:27;9947;874;7046;26;2027;Lazio, Italy;;
08-24-2020.csv;Lazio;Italy;25/08/2020 04:28;10093;875;7067;21;2151;Lazio, Italy;;
08-25-2020.csv;Lazio;Italy;26/08/2020 04:28;10236;875;7077;10;2284;Lazio, Italy;;
08-26-2020.csv;Lazio;Italy;27/08/2020 04:28;10398;876;7110;33;2412;Lazio, Italy;;
08-27-2020.csv;Lazio;Italy;28/08/2020 04:28;10550;877;7118;8;2555;Lazio, Italy;;
08-28-2020.csv;Lazio;Italy;29/08/2020 04:28;10716;878;7122;4;2716;Lazio, Italy;;
08-29-2020.csv;Lazio;Italy;30/08/2020 04:28;10887;878;7127;5;2882;Lazio, Italy;;
08-30-2020.csv;Lazio;Italy;31/08/2020 04:28;11043;878;7130;3;3035;Lazio, Italy;;
08-31-2020.csv;Lazio;Italy;01/09/2020 04:28;11191;878;7139;9;3174;Lazio, Italy;;
09-01-2020.csv;Lazio;Italy;02/09/2020 04:28;11316;878;7153;14;3285;Lazio, Italy;;
09-02-2020.csv;Lazio;Italy;03/09/2020 04:28;11446;878;7161;8;3407;Lazio, Italy;;
09-03-2020.csv;Lazio;Italy;04/09/2020 04:28;11600;879;7177;16;3544;Lazio, Italy;;
09-04-2020.csv;Lazio;Italy;05/09/2020 04:28;11771;879;7204;27;3688;Lazio, Italy;;
09-05-2020.csv;Lazio;Italy;06/09/2020 04:28;11929;880;7242;38;3807;Lazio, Italy;;
09-06-2020.csv;Lazio;Italy;07/09/2020 04:28;12051;881;7257;15;3913;Lazio, Italy;;
09-07-2020.csv;Lazio;Italy;08/09/2020 04:28;12210;881;7294;37;4035;Lazio, Italy;;
09-08-2020.csv;Lazio;Italy;09/09/2020 04:28;12339;881;7334;40;4124;Lazio, Italy;;
09-09-2020.csv;Lazio;Italy;10/09/2020 04:29;12514;881;7363;29;4270;Lazio, Italy;;
09-10-2020.csv;Lazio;Italy;11/09/2020 04:46;12677;882;7413;50;4382;Lazio, Italy;;
09-11-2020.csv;Lazio;Italy;12/09/2020 04:25;12825;883;7466;53;4476;Lazio, Italy;;
09-12-2020.csv;Lazio;Italy;13/09/2020 04:30;12980;884;7475;9;4621;Lazio, Italy;;
09-13-2020.csv;Lazio;Italy;14/09/2020 04:26;13123;885;7483;8;4755;Lazio, Italy;;
09-14-2020.csv;Lazio;Italy;15/09/2020 03:22;13304;885;7523;40;4896;Lazio, Italy;;
09-15-2020.csv;Lazio;Italy;16/09/2020 04:22;13443;887;7559;36;4997;Lazio, Italy;;
09-16-2020.csv;Lazio;Italy;17/09/2020 04:22;13608;887;7593;34;5128;Lazio, Italy;;
09-17-2020.csv;Lazio;Italy;18/09/2020 05:05;13789;889;7617;24;5283;Lazio, Italy;;
09-18-2020.csv;Lazio;Italy;19/09/2020 04:22;13982;889;7680;63;5413;Lazio, Italy;;
09-19-2020.csv;Lazio;Italy;20/09/2020 04:22;14179;890;7751;71;5538;Lazio, Italy;;
09-20-2020.csv;Lazio;Italy;21/09/2020 04:23;14344;890;7765;14;5689;Lazio, Italy;;
09-21-2020.csv;Lazio;Italy;22/09/2020 04:23;14542;895;7807;42;5840;Lazio, Italy;;
09-22-2020.csv;Lazio;Italy;23/09/2020 04:23;14780;899;7851;44;6030;Lazio, Italy;;
09-23-2020.csv;Lazio;Italy;24/09/2020 04:23;14975;902;7889;38;6184;Lazio, Italy;;
09-24-2020.csv;Lazio;Italy;25/09/2020 04:23;15205;902;7956;67;6347;Lazio, Italy;;
09-25-2020.csv;Lazio;Italy;26/09/2020 04:23;15435;904;8040;84;6491;Lazio, Italy;;
09-26-2020.csv;Lazio;Italy;27/09/2020 04:23;15654;906;8081;41;6667;Lazio, Italy;;
09-27-2020.csv;Lazio;Italy;28/09/2020 04:23;15835;907;8119;38;6809;Lazio, Italy;;
09-28-2020.csv;Lazio;Italy;29/09/2020 04:23;16046;910;8215;96;6921;Lazio, Italy;;
09-29-2020.csv;Lazio;Italy;30/09/2020 04:23;16265;913;8303;88;7049;Lazio, Italy;;
09-30-2020.csv;Lazio;Italy;01/10/2020 04:23;16475;918;8409;106;7148;Lazio, Italy;;
10-01-2020.csv;Lazio;Italy;02/10/2020 04:23;16740;923;8474;65;7343;Lazio, Italy;;
10-02-2020.csv;Lazio;Italy;03/10/2020 04:23;17004;928;8529;55;7547;Lazio, Italy;;
10-03-2020.csv;Lazio;Italy;04/10/2020 04:23;17265;933;8607;78;7725;Lazio, Italy;;
10-04-2020.csv;Lazio;Italy;05/10/2020 04:23;17509;939;8637;30;7933;Lazio, Italy;;
10-05-2020.csv;Lazio;Italy;06/10/2020 04:23;17757;944;8671;34;8142;Lazio, Italy;;
10-06-2020.csv;Lazio;Italy;07/10/2020 04:23;18032;948;8794;123;8290;Lazio, Italy;;
10-07-2020.csv;Lazio;Italy;08/10/2020 04:23;18389;954;8855;61;8580;Lazio, Italy;;
10-08-2020.csv;Lazio;Italy;09/10/2020 04:23;18748;960;8936;81;8852;Lazio, Italy;;
10-09-2020.csv;Lazio;Italy;10/10/2020 04:23;19135;966;8983;47;9186;Lazio, Italy;;
10-10-2020.csv;Lazio;Italy;11/10/2020 04:23;19519;972;9042;59;9505;Lazio, Italy;;
10-11-2020.csv;Lazio;Italy;12/10/2020 04:23;19890;976;9072;30;9842;Lazio, Italy;;
10-12-2020.csv;Lazio;Italy;13/10/2020 04:24;20285;984;9179;107;10122;Lazio, Italy;;
10-13-2020.csv;Lazio;Italy;14/10/2020 04:24;20864;989;9238;59;10637;Lazio, Italy;;
10-14-2020.csv;Lazio;Italy;15/10/2020 04:24;21407;994;9350;112;11063;Lazio, Italy;;
10-15-2020.csv;Lazio;Italy;16/10/2020 04:24;22001;1001;9395;45;11605;Lazio, Italy;;
10-16-2020.csv;Lazio;Italy;17/10/2020 04:24;22796;1006;9473;78;12317;Lazio, Italy;;
10-17-2020.csv;Lazio;Italy;18/10/2020 04:24;23790;1018;9535;62;13237;Lazio, Italy;;
10-18-2020.csv;Lazio;Italy;19/10/2020 04:24;24988;1024;9584;49;14380;Lazio, Italy;;
10-19-2020.csv;Lazio;Italy;20/10/2020 04:24;25927;1033;9703;119;15191;Lazio, Italy;;
10-20-2020.csv;Lazio;Italy;21/10/2020 04:24;27151;1038;9780;77;16333;Lazio, Italy;;
10-21-2020.csv;Lazio;Italy;22/10/2020 04:24;28370;1054;9913;133;17403;Lazio, Italy;;
10-22-2020.csv;Lazio;Italy;23/10/2020 04:24;29621;1070;10020;107;18531;Lazio, Italy;;
10-23-2020.csv;Lazio;Italy;24/10/2020 04:24;31010;1081;10108;88;19821;Lazio, Italy;;
10-24-2020.csv;Lazio;Italy;25/10/2020 04:24;32697;1090;10202;94;21405;Lazio, Italy;;
10-25-2020.csv;Lazio;Italy;26/10/2020 04:25;34238;1100;10323;121;22815;Lazio, Italy;;
10-26-2020.csv;Lazio;Italy;27/10/2020 04:24;35936;1116;10414;91;24406;Lazio, Italy;;
10-27-2020.csv;Lazio;Italy;28/10/2020 04:24;37929;1139;10648;234;26142;Lazio, Italy;;
10-28-2020.csv;Lazio;Italy;29/10/2020 04:24;39892;1158;10788;140;27946;Lazio, Italy;;
10-29-2020.csv;Lazio;Italy;30/10/2020 04:24;41887;1173;11002;214;29712;Lazio, Italy;;
10-30-2020.csv;Lazio;Italy;31/10/2020 04:24;44133;1190;11196;194;31747;Lazio, Italy;;
10-31-2020.csv;Lazio;Italy;01/11/2020 04:36;46422;1212;11304;108;33906;Lazio, Italy;;
11-01-2020.csv;Lazio;Italy;02/11/2020 05:25;48773;1231;11436;132;36106;Lazio, Italy;;
11-02-2020.csv;Lazio;Italy;03/11/2020 06:00;50632;1254;11595;159;37783;Lazio, Italy;;
11-03-2020.csv;Lazio;Italy;04/11/2020 05:25;52841;1275;11837;242;39729;Lazio, Italy;;
11-04-2020.csv;Lazio;Italy;05/11/2020 06:05;55273;1309;12081;244;41883;Lazio, Italy;;
11-05-2020.csv;Lazio;Italy;06/11/2020 05:24;58008;1344;12374;293;44290;Lazio, Italy;;
11-06-2020.csv;Lazio;Italy;07/11/2020 05:24;60707;1370;12653;279;46684;Lazio, Italy;;
11-07-2020.csv;Lazio;Italy;08/11/2020 05:24;63325;1397;12892;239;49036;Lazio, Italy;;
11-08-2020.csv;Lazio;Italy;09/11/2020 05:25;65814;1413;13023;131;51378;Lazio, Italy;;
11-09-2020.csv;Lazio;Italy;10/11/2020 05:40;67967;1429;13264;241;53274;Lazio, Italy;1,16E+15;2,10E+16
11-10-2020.csv;Lazio;Italy;11/11/2020 05:25;70575;1465;13521;257;55589;Lazio, Italy;1,20E+16;2,08E+15
11-11-2020.csv;Lazio;Italy;12/11/2020 05:25;73054;1503;13968;447;57583;Lazio, Italy;1,24E+16;2,06E+16
11-12-2020.csv;Lazio;Italy;13/11/2020 05:25;75740;1552;14269;301;59919;Lazio, Italy;1,29E+16;2,05E+15
11-13-2020.csv;Lazio;Italy;14/11/2020 05:25;78665;1586;14680;411;62399;Lazio, Italy;1,34E+16;2,02E+16
11-14-2020.csv;Lazio;Italy;15/11/2020 05:26;81662;1625;15079;399;64958;Lazio, Italy;1,39E+16;1,99E+16
11-15-2020.csv;Lazio;Italy;16/11/2020 05:25;84274;1646;15319;240;67309;Lazio, Italy;1,43E+15;1,95E+15
11-16-2020.csv;Lazio;Italy;17/11/2020 05:25;86681;1680;15731;412;69270;Lazio, Italy;1,47E+16;1,94E+16
11-17-2020.csv;Lazio;Italy;18/11/2020 05:40;89219;1739;16225;494;71255;Lazio, Italy;1,52E+16;1,95E+16
11-18-2020.csv;Lazio;Italy;19/11/2020 05:25;92085;1819;16775;550;73491;Lazio, Italy;1,57E+16;1,98E+16
11-19-2020.csv;Lazio;Italy;20/11/2020 05:26;94782;1880;17361;586;75541;Lazio, Italy;1,61E+16;1,98E+16
11-20-2020.csv;Lazio;Italy;21/11/2020 05:25;97449;1921;17782;421;77746;Lazio, Italy;1,66E+16;1,97E+16
11-21-2020.csv;Lazio;Italy;22/11/2020 05:25;100107;1958;18273;491;79876;Lazio, Italy;1,70E+16;1,96E+16
11-22-2020.csv;Lazio;Italy;23/11/2020 05:25;102640;1978;18609;336;82053;Lazio, Italy;1,75E+16;1,93E+16
11-23-2020.csv;Lazio;Italy;24/11/2020 05:27;104981;2026;19066;457;83889;Lazio, Italy;1,79E+16;1,93E+16
11-24-2020.csv;Lazio;Italy;25/11/2020 05:27;107490;2088;19606;540;85796;Lazio, Italy;1,83E+16;1,94E+16
11-25-2020.csv;Lazio;Italy;26/11/2020 05:27;109592;2146;20881;1275;86565;Lazio, Italy;1,86E+16;1,96E+16
11-26-2020.csv;Lazio;Italy;27/11/2020 05:26;111852;2215;22334;1453;87303;Lazio, Italy;1,90E+16;1,98E+16
11-27-2020.csv;Lazio;Italy;28/11/2020 05:25;114128;2284;23910;1576;87934;Lazio, Italy;1,94E+16;2,00E+14
11-28-2020.csv;Lazio;Italy;29/11/2020 05:25;116198;2309;24627;717;89262;Lazio, Italy;1,98E+16;1,99E+16
11-29-2020.csv;Lazio;Italy;30/11/2020 05:26;118191;2328;26151;1524;89712;Lazio, Italy;2,01E+16;1,97E+16
11-30-2020.csv;Lazio;Italy;01/12/2020 05:26;119780;2367;27212;1061;90201;Lazio, Italy;2,04E+16;1,98E+16
12-01-2020.csv;Lazio;Italy;02/12/2020 05:27;121449;2431;28080;868;90938;Lazio, Italy;2,07E+16;2,00E+14
12-02-2020.csv;Lazio;Italy;03/12/2020 05:28;123240;2476;28860;780;91904;Lazio, Italy;2,10E+16;2,01E+15
12-03-2020.csv;Lazio;Italy;04/12/2020 05:27;125009;2514;29616;756;92879;Lazio, Italy;2,13E+15;2,01E+16
12-04-2020.csv;Lazio;Italy;05/12/2020 05:27;126840;2576;30427;811;93837;Lazio, Italy;2,16E+16;2,03E+16
12-05-2020.csv;Lazio;Italy;06/12/2020 05:26;128623;2608;32536;2109;93479;Lazio, Italy;2,19E+15;2,03E+16
12-06-2020.csv;Lazio;Italy;07/12/2020 05:26;130255;2622;33422;886;94211;Lazio, Italy;2,22E+15;2,01E+16
12-07-2020.csv;Lazio;Italy;08/12/2020 05:27;131627;2668;35445;2023;93514;Lazio, Italy;2,24E+16;2,03E+15
12-08-2020.csv;Lazio;Italy;09/12/2020 05:28;133128;2701;36418;973;94009;Lazio, Italy;2,26E+16;2,03E+15
12-09-2020.csv;Lazio;Italy;10/12/2020 05:26;134425;2734;37873;1455;93818;Lazio, Italy;2,29E+16;2,03E+16
12-10-2020.csv;Lazio;Italy;11/12/2020 05:26;135913;2802;42344;4471;90767;Lazio, Italy;2,31E+15;2,06E+15
12-11-2020.csv;Lazio;Italy;12/12/2020 05:26;137143;2870;46080;3736;88193;Lazio, Italy;2,33E+16;2,09E+16
12-12-2020.csv;Lazio;Italy;13/12/2020 05:27;138337;2911;48108;2028;87318;Lazio, Italy;2,35E+15;2,10E+15
12-13-2020.csv;Lazio;Italy;14/12/2020 05:26;139676;2938;50129;2021;86609;Lazio, Italy;2,38E+16;2,10E+15
12-14-2020.csv;Lazio;Italy;15/12/2020 05:26;140991;2976;52166;2037;85849;Lazio, Italy;2,40E+16;2,11E+16
12-15-2020.csv;Lazio;Italy;16/12/2020 05:28;142150;3059;54870;2704;84221;Lazio, Italy;2,42E+15;2,15E+15
12-16-2020.csv;Lazio;Italy;17/12/2020 05:28;143370;3099;59004;4134;81267;Lazio, Italy;2,44E+16;2,16E+15
12-17-2020.csv;Lazio;Italy;18/12/2020 05:28;144967;3156;63181;4177;78630;Lazio, Italy;2,47E+16;2,18E+16
12-18-2020.csv;Lazio;Italy;19/12/2020 05:27;146395;3230;66006;2825;77159;Lazio, Italy;2,49E+15;2,21E+15
12-19-2020.csv;Lazio;Italy;20/12/2020 05:27;147805;3271;67945;1939;76589;Lazio, Italy;2,51E+15;2,21E+15
12-20-2020.csv;Lazio;Italy;21/12/2020 05:27;149018;3292;68946;1001;76780;Lazio, Italy;2,53E+15;2,21E+15
12-21-2020.csv;Lazio;Italy;22/12/2020 05:22;150223;3334;70397;1451;76492;Lazio, Italy;2,56E+15;2,22E+15
12-22-2020.csv;Lazio;Italy;23/12/2020 05:22;151511;3390;72172;1775;75949;Lazio, Italy;2,58E+16;2,24E+16
12-23-2020.csv;Lazio;Italy;24/12/2020 05:23;152457;3434;73321;1149;75702;Lazio, Italy;2,59E+15;2,25E+16
12-24-2020.csv;Lazio;Italy;25/12/2020 05:22;153976;3458;75027;1706;75491;Lazio, Italy;2,62E+16;2,25E+16
12-25-2020.csv;Lazio;Italy;26/12/2020 05:22;155667;3489;76104;1077;76074;Lazio, Italy;2,65E+16;2,24E+16
12-26-2020.csv;Lazio;Italy;27/12/2020 05:22;156790;3513;76983;879;76294;Lazio, Italy;2,67E+15;2,24E+15
12-27-2020.csv;Lazio;Italy;28/12/2020 05:22;157767;3529;77800;817;76438;Lazio, Italy;2,68E+15;2,24E+16
12-28-2020.csv;Lazio;Italy;29/12/2020 05:22;158733;3576;79087;1287;76070;Lazio, Italy;2,70E+16;2,25E+15
12-29-2020.csv;Lazio;Italy;30/12/2020 05:22;159951;3630;81636;2549;74685;Lazio, Italy;2,72E+16;2,27E+16
12-30-2020.csv;Lazio;Italy;31/12/2020 05:22;161284;3696;83125;1489;74463;Lazio, Italy;2,74E+16;2,29E+16
12-31-2020.csv;Lazio;Italy;01/01/2021 05:23;163051;3769;84109;984;75173;Lazio, Italy;2,77E+16;2,31E+15
01-01-2021.csv;Lazio;Italy;02/01/2021 05:22;164964;3792;84811;702;76361;Lazio, Italy;2,81E+15;2,30E+16
01-02-2021.csv;Lazio;Italy;03/01/2021 05:22;166239;3816;85975;1164;76448;Lazio, Italy;2,83E+15;2,30E+15
01-03-2021.csv;Lazio;Italy;04/01/2021 05:22;167920;3840;86927;952;77153;Lazio, Italy;2,86E+15;2,29E+16
01-04-2021.csv;Lazio;Italy;05/01/2021 05:21;169254;3863;88314;1387;77077;Lazio, Italy;2,88E+14;2,28E+14
01-05-2021.csv;Lazio;Italy;06/01/2021 05:22;170973;3935;89730;1416;77308;Lazio, Italy;2,91E+16;2,30E+16
01-06-2021.csv;Lazio;Italy;07/01/2021 05:22;172980;3972;91242;1512;77766;Lazio, Italy;2,94E+16;2,30E+15
01-07-2021.csv;Lazio;Italy;08/01/2021 05:22;174759;4015;92821;1579;77923;Lazio, Italy;2,97E+16;2,30E+15
01-08-2021.csv;Lazio;Italy;09/01/2021 05:22;176372;4060;94457;1636;77855;Lazio, Italy;3,00E+16;2,30E+15
01-09-2021.csv;Lazio;Italy;10/01/2021 05:22;177915;4114;95632;1175;78169;Lazio, Italy;3,03E+15;2,31E+16
01-10-2021.csv;Lazio;Italy;11/01/2021 05:21;179661;4131;96745;1113;78785;Lazio, Italy;3,06E+15;2,30E+15
01-11-2021.csv;Lazio;Italy;12/01/2021 05:22;180915;4176;97858;1113;78881;Lazio, Italy;3,08E+15;2,31E+16
01-12-2021.csv;Lazio;Italy;13/01/2021 05:22;182296;4218;99491;1633;78587;Lazio, Italy;3,10E+16;2,31E+16
01-13-2021.csv;Lazio;Italy;14/01/2021 05:22;183908;4259;101426;1935;78223;Lazio, Italy;3,13E+16;2,32E+15
01-14-2021.csv;Lazio;Italy;15/01/2021 05:22;185724;4306;103438;2012;77980;Lazio, Italy;3,16E+16;2,32E+15
01-15-2021.csv;Lazio;Italy;16/01/2021 05:22;187118;4342;105021;1583;77755;Lazio, Italy;3,18E+16;2,32E+16
01-16-2021.csv;Lazio;Italy;17/01/2021 05:22;188400;4378;106646;1625;77376;Lazio, Italy;3,20E+15;2,32E+16
01-17-2021.csv;Lazio;Italy;18/01/2021 05:22;189643;4399;107734;1088;77510;Lazio, Italy;3,23E+15;2,32E+16
01-18-2021.csv;Lazio;Italy;19/01/2021 05:22;190515;4415;108755;1021;77345;Lazio, Italy;3,24E+15;2,32E+15
01-19-2021.csv;Lazio;Italy;20/01/2021 05:21;191615;4474;111905;3150;75236;Lazio, Italy;3,26E+15;2,33E+16
01-20-2021.csv;Lazio;Italy;21/01/2021 05:22;192896;4535;115172;3267;73189;Lazio, Italy;3,28E+15;2,35E+16
01-21-2021.csv;Lazio;Italy;22/01/2021 05:22;194199;4571;116943;1771;72685;Lazio, Italy;3,30E+15;2,35E+16
01-22-2021.csv;Lazio;Italy;23/01/2021 05:22;195340;4624;119270;2327;71446;Lazio, Italy;3,32E+16;2,37E+14
01-23-2021.csv;Lazio;Italy;24/01/2021 05:22;196637;4666;121705;2435;70266;Lazio, Italy;3,34E+15;2,37E+15
01-24-2021.csv;Lazio;Italy;25/01/2021 05:22;197693;4682;123626;1921;69385;Lazio, Italy;3,36E+15;2,37E+15
01-25-2021.csv;Lazio;Italy;26/01/2021 05:22;198567;4722;126184;2558;67661;Lazio, Italy;3,38E+15;2,38E+15
01-26-2021.csv;Lazio;Italy;27/01/2021 05:23;199606;4765;128709;2525;66132;Lazio, Italy;3,40E+15;2,39E+15
01-27-2021.csv;Lazio;Italy;28/01/2021 05:22;200944;4827;131214;2505;64903;Lazio, Italy;3,42E+16;2,40E+15
01-28-2021.csv;Lazio;Italy;29/01/2021 05:22;202207;4870;132695;1481;64642;Lazio, Italy;3,44E+16;2,41E+16
01-29-2021.csv;Lazio;Italy;30/01/2021 05:22;203367;4918;134212;1517;64237;Lazio, Italy;3,46E+15;2,42E+16
01-30-2021.csv;Lazio;Italy;31/01/2021 05:22;204505;4945;135765;1553;63795;Lazio, Italy;3,48E+16;2,42E+15
01-31-2021.csv;Lazio;Italy;01/02/2021 05:22;205448;4984;137263;1498;63201;Lazio, Italy;3,49E+16;2,43E+16
02-01-2021.csv;Lazio;Italy;02/02/2021 05:22;206165;5022;139653;2390;61490;Lazio, Italy;3,51E+16;2,44E+16
02-02-2021.csv;Lazio;Italy;03/02/2021 05:22;207007;5074;141160;1507;60773;Lazio, Italy;3,52E+15;2,45E+16
02-03-2021.csv;Lazio;Italy;04/02/2021 05:22;208171;5123;143279;2119;59769;Lazio, Italy;3,54E+16;2,46E+16
02-04-2021.csv;Lazio;Italy;05/02/2021 05:22;209345;5165;146154;2875;58026;Lazio, Italy;3,56E+15;2,47E+16
02-05-2021.csv;Lazio;Italy;06/02/2021 05:23;210486;5201;148464;2310;56821;Lazio, Italy;3,58E+16;2,47E+16
02-06-2021.csv;Lazio;Italy;07/02/2021 05:23;211500;5239;149818;1354;56443;Lazio, Italy;3,60E+14;2,48E+16
02-07-2021.csv;Lazio;Italy;08/02/2021 05:22;212420;5259;153803;3985;53358;Lazio, Italy;3,61E+15;2,48E+15
02-08-2021.csv;Lazio;Italy;09/02/2021 05:23;213202;5291;158361;4558;49550;Lazio, Italy;3,63E+15;2,48E+15
02-09-2021.csv;Lazio;Italy;10/02/2021 05:22;214049;5324;161679;3318;47046;Lazio, Italy;3,64E+15;2,49E+16
02-10-2021.csv;Lazio;Italy;11/02/2021 05:23;215076;5375;164867;3188;44834;Lazio, Italy;3,66E+14;2,50E+15
02-11-2021.csv;Lazio;Italy;12/02/2021 05:23;216347;5406;167797;2930;43144;Lazio, Italy;3,68E+16;2,50E+16
02-12-2021.csv;Lazio;Italy;13/02/2021 05:22;217436;5440;170603;2806;41393;Lazio, Italy;3,70E+15;2,50E+16
02-13-2021.csv;Lazio;Italy;14/02/2021 05:23;218496;5461;172413;1810;40622;Lazio, Italy;3,72E+16;2,50E+16
02-14-2021.csv;Lazio;Italy;15/02/2021 05:24;219305;5472;174244;1831;39589;Lazio, Italy;3,73E+15;2,50E+15
02-15-2021.csv;Lazio;Italy;16/02/2021 05:24;220065;5506;176129;1885;38430;Lazio, Italy;3,74E+15;2,50E+15
02-16-2021.csv;Lazio;Italy;17/02/2021 05:23;220959;5538;178160;2031;37261;Lazio, Italy;3,76E+16;2,51E+16
02-17-2021.csv;Lazio;Italy;18/02/2021 05:22;221830;5593;179630;1470;36607;Lazio, Italy;3,77E+16;2,52E+16
02-18-2021.csv;Lazio;Italy;19/02/2021 05:24;222855;5634;181583;1953;35638;Lazio, Italy;3,79E+16;2,53E+15
02-19-2021.csv;Lazio;Italy;20/02/2021 05:22;223845;5672;182565;982;35608;Lazio, Italy;3,81E+16;2,53E+16
02-20-2021.csv;Lazio;Italy;21/02/2021 05:24;224766;5704;183616;1051;35446;Lazio, Italy;3,82E+15;2,54E+16
02-21-2021.csv;Lazio;Italy;22/02/2021 05:24;225814;5719;184656;1040;35439;Lazio, Italy;3,84E+15;2,53E+15
02-22-2021.csv;Lazio;Italy;23/02/2021 05:23;226668;5743;185715;1059;35210;Lazio, Italy;3,86E+16;2,53E+16
02-23-2021.csv;Lazio;Italy;24/02/2021 05:29;227557;5776;186854;1139;34927;Lazio, Italy;3,87E+16;2,54E+15
02-24-2021.csv;Lazio;Italy;25/02/2021 05:24;228745;5814;188051;1197;34880;Lazio, Italy;3,89E+16;2,54E+16
02-25-2021.csv;Lazio;Italy;26/02/2021 05:22;230001;5832;189174;1123;34995;Lazio, Italy;3,91E+16;2,54E+15
02-26-2021.csv;Lazio;Italy;27/02/2021 05:22;231540;5851;190256;1082;35433;Lazio, Italy;3,94E+16;2,53E+16
02-27-2021.csv;Lazio;Italy;28/02/2021 05:22;232887;5871;191352;1096;35664;Lazio, Italy;3,96E+16;2,52E+16
02-28-2021.csv;Lazio;Italy;01/03/2021 05:23;234228;5883;192544;1192;35801;Lazio, Italy;3,98E+14;2,51E+15
03-01-2021.csv;Lazio;Italy;02/03/2021 05:23;235272;5911;193638;1094;35723;Lazio, Italy;4,00E+15;2,51E+15
03-02-2021.csv;Lazio;Italy;03/03/2021 05:23;236460;5940;194725;1087;35795;Lazio, Italy;4,02E+15;2,51E+16
03-03-2021.csv;Lazio;Italy;04/03/2021 05:24;237980;5975;196216;1491;35789;Lazio, Italy;4,05E+16;2,51E+16
03-04-2021.csv;Lazio;Italy;05/03/2021 05:26;239682;5997;197642;1426;36043;Lazio, Italy;4,08E+16;2,50E+15
03-05-2021.csv;Lazio;Italy;06/03/2021 04:23;241207;6016;198629;987;36562;Lazio, Italy;4,10E+15;2,49E+16
03-06-2021.csv;Lazio;Italy;07/03/2021 05:21;242770;6029;199572;943;37169;Lazio, Italy;4,13E+15;2,48E+16
03-07-2021.csv;Lazio;Italy;08/03/2021 05:24;244169;6042;200515;943;37612;Lazio, Italy;4,15E+16;2,47E+15
03-08-2021.csv;Lazio;Italy;09/03/2021 05:28;245344;6064;201354;839;37926;Lazio, Italy;4,17E+15;2,47E+16
03-09-2021.csv;Lazio;Italy;10/03/2021 05:24;246775;6092;202106;752;38577;Lazio, Italy;4,20E+16;2,47E+16
03-10-2021.csv;Lazio;Italy;11/03/2021 05:25;248429;6114;203439;1333;38876;Lazio, Italy;4,23E+15;2,46E+14
03-11-2021.csv;Lazio;Italy;12/03/2021 05:26;250229;6130;204761;1322;39338;Lazio, Italy;4,26E+16;2,45E+14
03-12-2021.csv;Lazio;Italy;13/03/2021 05:25;251986;6154;205518;757;40314;Lazio, Italy;4,29E+15;2,44E+16
03-13-2021.csv;Lazio;Italy;14/03/2021 05:25;253984;6173;206306;788;41505;Lazio, Italy;4,32E+14;2,43E+16
03-14-2021.csv;Lazio;Italy;15/03/2021 05:25;255796;6183;207026;720;42587;Lazio, Italy;4,35E+14;2,42E+16
03-15-2021.csv;Lazio;Italy;16/03/2021 05:25;257332;6203;207690;664;43439;Lazio, Italy;4,38E+15;2,41E+15
03-16-2021.csv;Lazio;Italy;17/03/2021 05:25;258829;6235;208300;610;44294;Lazio, Italy;4,40E+15;2,41E+16
03-17-2021.csv;Lazio;Italy;18/03/2021 05:26;260557;6255;210023;1723;44279;Lazio, Italy;4,43E+15;2,40E+16
03-18-2021.csv;Lazio;Italy;19/03/2021 05:26;262520;6278;211323;1300;44919;Lazio, Italy;4,47E+14;2,39E+16
03-19-2021.csv;Lazio;Italy;20/03/2021 05:25;264708;6316;212397;1074;45995;Lazio, Italy;4,50E+15;2,39E+16
03-20-2021.csv;Lazio;Italy;21/03/2021 05:25;266529;6340;213135;738;47054;Lazio, Italy;4,53E+15;2,38E+15
03-21-2021.csv;Lazio;Italy;22/03/2021 05:25;268322;6355;214277;1142;47690;Lazio, Italy;4,56E+15;2,37E+16
03-22-2021.csv;Lazio;Italy;23/03/2021 05:26;269729;6374;214853;576;48502;Lazio, Italy;4,59E+15;2,36E+16
03-23-2021.csv;Lazio;Italy;24/03/2021 05:25;271220;6400;215994;1141;48826;Lazio, Italy;4,61E+15;2,36E+16
03-24-2021.csv;Lazio;Italy;25/03/2021 05:27;272929;6430;217708;1714;48791;Lazio, Italy;4,64E+16;2,36E+15
03-25-2021.csv;Lazio;Italy;26/03/2021 05:26;274984;6463;219460;1752;49061;Lazio, Italy;4,68E+15;2,35E+16
03-26-2021.csv;Lazio;Italy;27/03/2021 05:25;276990;6500;221271;1811;49219;Lazio, Italy;4,71E+15;2,35E+15
03-27-2021.csv;Lazio;Italy;28/03/2021 05:28;278815;6515;222009;738;50291;Lazio, Italy;4,74E+15;2,34E+14
03-28-2021.csv;Lazio;Italy;29/03/2021 04:28;280651;6529;222686;677;51436;Lazio, Italy;4,77E+15;2,33E+16
03-29-2021.csv;Lazio;Italy;30/03/2021 04:26;282054;6574;224247;1561;51233;Lazio, Italy;4,80E+15;2,33E+16
03-30-2021.csv;Lazio;Italy;31/03/2021 04:26;283647;6606;225943;1696;51098;Lazio, Italy;4,82E+15;2,33E+16
03-31-2021.csv;Lazio;Italy;01/04/2021 04:27;285447;6644;227752;1809;51051;Lazio, Italy;4,86E+15;2,33E+15
04-01-2021.csv;Lazio;Italy;02/04/2021 04:20;287285;6677;229560;1808;51048;Lazio, Italy;4,89E+15;2,32E+16
04-02-2021.csv;Lazio;Italy;03/04/2021 04:20;289203;6720;231342;1782;51141;Lazio, Italy;4,92E+15;2,32E+15
04-03-2021.csv;Lazio;Italy;04/04/2021 04:20;290834;6747;232135;793;51952;Lazio, Italy;4,95E+15;2,32E+16
04-04-2021.csv;Lazio;Italy;05/04/2021 04:20;292357;6773;232937;802;52647;Lazio, Italy;4,97E+15;2,32E+16
04-05-2021.csv;Lazio;Italy;06/04/2021 04:20;293776;6805;233743;806;53228;Lazio, Italy;5,00E+15;2,32E+16
04-06-2021.csv;Lazio;Italy;07/04/2021 04:20;294896;6848;234470;727;53578;Lazio, Italy;5,02E+15;2,32E+16
04-07-2021.csv;Lazio;Italy;08/04/2021 04:21;295977;6895;236271;1801;52811;Lazio, Italy;5,03E+16;2,33E+15
04-08-2021.csv;Lazio;Italy;09/04/2021 04:21;297217;6932;238105;1834;52180;Lazio, Italy;5,06E+15;2,33E+15
04-09-2021.csv;Lazio;Italy;10/04/2021 04:20;298580;6979;239660;1555;51941;Lazio, Italy;5,08E+15;2,34E+15
04-10-2021.csv;Lazio;Italy;11/04/2021 04:20;300043;7014;240640;980;52389;Lazio, Italy;5,10E+15;2,34E+15
04-11-2021.csv;Lazio;Italy;12/04/2021 04:21;301718;7033;242625;1985;52060;Lazio, Italy;5,13E+15;2,33E+16
04-12-2021.csv;Lazio;Italy;13/04/2021 04:20;302775;7070;243637;1012;52068;Lazio, Italy;5,15E+15;2,34E+16
04-13-2021.csv;Lazio;Italy;14/04/2021 04:20;303939;7106;244661;1024;52172;Lazio, Italy;5,17E+14;2,34E+16
04-14-2021.csv;Lazio;Italy;15/04/2021 04:20;305169;7155;246782;2121;51232;Lazio, Italy;5,19E+15;2,34E+16
04-15-2021.csv;Lazio;Italy;16/04/2021 04:20;306499;7201;248667;1885;50631;Lazio, Italy;5,21E+15;2,35E+16
04-16-2021.csv;Lazio;Italy;17/04/2021 04:20;307973;7240;249720;1053;51013;Lazio, Italy;5,24E+15;2,35E+16
04-17-2021.csv;Lazio;Italy;18/04/2021 04:20;309351;7265;251258;1538;50828;Lazio, Italy;5,26E+16;2,35E+15
04-18-2021.csv;Lazio;Italy;19/04/2021 04:20;310478;7290;252398;1140;50790;Lazio, Italy;5,28E+15;2,35E+16
04-19-2021.csv;Lazio;Italy;20/04/2021 04:20;311428;7328;253642;1244;50458;Lazio, Italy;5,30E+15;2,35E+15
04-20-2021.csv;Lazio;Italy;21/04/2021 04:21;312354;7362;255816;2174;49176;Lazio, Italy;5,31E+15;2,36E+15
04-21-2021.csv;Lazio;Italy;22/04/2021 04:20;313515;7414;258355;2539;47746;Lazio, Italy;5,33E+15;2,36E+16
04-22-2021.csv;Lazio;Italy;23/04/2021 04:20;314826;7445;259518;1163;47863;Lazio, Italy;5,36E+13;2,36E+15
04-23-2021.csv;Lazio;Italy;24/04/2021 04:20;316047;7468;261777;2259;46802;Lazio, Italy;5,38E+15;2,36E+15
04-24-2021.csv;Lazio;Italy;25/04/2021 04:20;317313;7491;262992;1215;46830;Lazio, Italy;5,40E+15;2,36E+14
04-25-2021.csv;Lazio;Italy;26/04/2021 04:21;318498;7510;264151;1159;46837;Lazio, Italy;5,42E+14;2,36E+14
04-26-2021.csv;Lazio;Italy;27/04/2021 04:20;319462;7554;265285;1134;46623;Lazio, Italy;5,43E+16;2,36E+16
04-27-2021.csv;Lazio;Italy;28/04/2021 04:20;320401;7588;266635;1350;46178;Lazio, Italy;5,45E+15;2,37E+16
04-28-2021.csv;Lazio;Italy;29/04/2021 04:20;321479;7620;268214;1579;45645;Lazio, Italy;5,47E+15;2,37E+15
04-29-2021.csv;Lazio;Italy;30/04/2021 04:21;322603;7647;269594;1380;45362;Lazio, Italy;5,49E+15;2,37E+16
04-30-2021.csv;Lazio;Italy;01/05/2021 04:20;323754;7673;271385;1791;44696;Lazio, Italy;5,51E+15;2,37E+15
05-01-2021.csv;Lazio;Italy;02/05/2021 04:20;324823;7686;273842;2457;43295;Lazio, Italy;5,53E+14;2,37E+15
05-02-2021.csv;Lazio;Italy;03/05/2021 04:20;325809;7699;274897;1055;43213;Lazio, Italy;5,54E+14;2,36E+15
05-03-2021.csv;Lazio;Italy;04/05/2021 04:20;326470;7721;275992;1095;42757;Lazio, Italy;5,55E+15;2,37E+15
05-04-2021.csv;Lazio;Italy;05/05/2021 04:20;327273;7757;278237;2245;41279;Lazio, Italy;5,57E+15;2,37E+16
05-05-2021.csv;Lazio;Italy;06/05/2021 04:20;328111;7796;280117;1880;40198;Lazio, Italy;5,58E+15;2,38E+15
05-06-2021.csv;Lazio;Italy;07/05/2021 04:20;329118;7835;282492;2375;38791;Lazio, Italy;5,60E+15;2,38E+16
05-07-2021.csv;Lazio;Italy;08/05/2021 04:21;330181;7852;283769;1277;38560;Lazio, Italy;5,62E+15;2,38E+16
05-08-2021.csv;Lazio;Italy;09/05/2021 04:20;331180;7867;285123;1354;38190;Lazio, Italy;5,63E+15;2,38E+16
05-09-2021.csv;Lazio;Italy;10/05/2021 04:20;331968;7877;286423;1300;37668;Lazio, Italy;5,65E+15;2,37E+16
05-10-2021.csv;Lazio;Italy;11/05/2021 04:20;332648;7894;287886;1463;36868;Lazio, Italy;5,66E+16;2,37E+15
05-11-2021.csv;Lazio;Italy;12/05/2021 04:21;333283;7934;289116;1230;36233;Lazio, Italy;5,67E+15;2,38E+16
05-12-2021.csv;Lazio;Italy;13/05/2021 04:20;333916;7956;290385;1269;35575;Lazio, Italy;5,68E+15;2,38E+15
05-13-2021.csv;Lazio;Italy;14/05/2021 04:20;334570;7977;291448;1063;35145;Lazio, Italy;5,69E+15;2,38E+15
05-14-2021.csv;Lazio;Italy;15/05/2021 04:20;335276;7987;292548;1100;34741;Lazio, Italy;5,70E+15;2,38E+15
05-15-2021.csv;Lazio;Italy;16/05/2021 04:20;335897;7992;294038;1490;33867;Lazio, Italy;5,71E+15;2,38E+16
05-16-2021.csv;Lazio;Italy;17/05/2021 04:20;336474;8006;295041;1003;33427;Lazio, Italy;5,72E+15;2,38E+16
05-17-2021.csv;Lazio;Italy;18/05/2021 04:20;336862;8023;296095;1054;32744;Lazio, Italy;5,73E+15;2,38E+16
05-18-2021.csv;Lazio;Italy;19/05/2021 04:20;337210;8037;297118;1023;32055;Lazio, Italy;5,74E+15;2,38E+15
05-19-2021.csv;Lazio;Italy;20/05/2021 04:21;337676;8053;298998;1880;30625;Lazio, Italy;5,74E+15;2,38E+15
05-20-2021.csv;Lazio;Italy;21/05/2021 04:20;338234;8063;300033;1035;30138;Lazio, Italy;5,75E+15;2,38E+16
05-21-2021.csv;Lazio;Italy;22/05/2021 04:20;338705;8074;301704;1671;28927;Lazio, Italy;5,76E+15;2,38E+16
05-22-2021.csv;Lazio;Italy;23/05/2021 04:20;339199;8081;302784;1080;28334;Lazio, Italy;5,77E+15;2,38E+16
05-23-2021.csv;Lazio;Italy;24/05/2021 04:20;339612;8090;303893;1109;27629;Lazio, Italy;5,78E+15;2,38E+15
05-24-2021.csv;Lazio;Italy;25/05/2021 04:21;339904;8101;305156;1263;26647;Lazio, Italy;5,78E+15;2,38E+15
05-25-2021.csv;Lazio;Italy;26/05/2021 04:20;340212;8117;306944;1788;25151;Lazio, Italy;5,79E+15;2,39E+15
05-26-2021.csv;Lazio;Italy;27/05/2021 04:20;340530;8135;308677;1733;23718;Lazio, Italy;5,79E+16;2,39E+16
05-27-2021.csv;Lazio;Italy;28/05/2021 04:20;340891;8144;310001;1324;22746;Lazio, Italy;5,80E+15;2,39E+16
05-28-2021.csv;Lazio;Italy;29/05/2021 04:20;341187;8155;311273;1272;21759;Lazio, Italy;5,80E+15;2,39E+15
05-29-2021.csv;Lazio;Italy;30/05/2021 04:20;341494;8165;312533;1260;20796;Lazio, Italy;5,81E+15;2,39E+16
05-30-2021.csv;Lazio;Italy;31/05/2021 03:08;341772;8171;313786;1253;19815;Lazio, Italy;5,81E+15;2,39E+16
05-31-2021.csv;Lazio;Italy;01/06/2021 04:23;342023;8175;315078;1292;18770;Lazio, Italy;5,82E+15;2,39E+16
06-01-2021.csv;Lazio;Italy;02/06/2021 04:24;342218;8185;317114;2036;16919;Lazio, Italy;5,82E+15;2,39E+16
06-02-2021.csv;Lazio;Italy;03/06/2021 04:23;342429;8189;318646;1532;15594;Lazio, Italy;5,82E+15;2,39E+15
06-03-2021.csv;Lazio;Italy;04/06/2021 04:23;342625;8195;319732;1086;14698;Lazio, Italy;5,83E+15;2,39E+16
06-04-2021.csv;Lazio;Italy;05/06/2021 04:23;342822;8204;320838;1106;13780;Lazio, Italy;5,83E+16;2,39E+16
06-05-2021.csv;Lazio;Italy;06/06/2021 04:24;343032;8213;321930;1092;12889;Lazio, Italy;5,83E+15;2,39E+15
06-06-2021.csv;Lazio;Italy;07/06/2021 04:22;343265;8218;323055;1125;11992;Lazio, Italy;5,84E+15;2,39E+16
06-07-2021.csv;Lazio;Italy;08/06/2021 04:22;343435;8223;324185;1130;11027;Lazio, Italy;5,84E+14;2,39E+15
06-08-2021.csv;Lazio;Italy;09/06/2021 04:23;343574;8229;325390;1205;9955;Lazio, Italy;5,84E+15;2,40E+16
06-09-2021.csv;Lazio;Italy;10/06/2021 04:23;343753;8236;326627;1237;8890;Lazio, Italy;5,85E+14;2,40E+16
06-10-2021.csv;Lazio;Italy;11/06/2021 04:23;343947;8242;327563;936;8142;Lazio, Italy;5,85E+15;2,40E+15
06-11-2021.csv;Lazio;Italy;12/06/2021 04:22;344116;8254;328498;935;7364;Lazio, Italy;5,85E+15;2,40E+16
06-12-2021.csv;Lazio;Italy;13/06/2021 04:22;344280;8262;329451;953;6567;Lazio, Italy;5,86E+15;2,40E+16
06-13-2021.csv;Lazio;Italy;14/06/2021 04:22;344407;8262;329976;525;6169;Lazio, Italy;5,86E+15;2,40E+16
06-14-2021.csv;Lazio;Italy;15/06/2021 04:22;344518;8268;330404;428;5846;Lazio, Italy;5,86E+16;2,40E+15
06-15-2021.csv;Lazio;Italy;16/06/2021 04:22;344636;8281;330853;449;5502;Lazio, Italy;5,86E+15;2,40E+14
06-16-2021.csv;Lazio;Italy;17/06/2021 04:22;344779;8292;331243;390;5244;Lazio, Italy;5,86E+15;2,41E+16
06-17-2021.csv;Lazio;Italy;18/06/2021 04:22;344898;8300;331704;461;4894;Lazio, Italy;5,87E+14;2,41E+15
06-18-2021.csv;Lazio;Italy;19/06/2021 04:22;345045;8303;332268;564;4474;Lazio, Italy;5,87E+15;2,41E+15
06-19-2021.csv;Lazio;Italy;20/06/2021 04:21;345146;8304;332483;215;4359;Lazio, Italy;5,87E+16;2,41E+15
06-20-2021.csv;Lazio;Italy;21/06/2021 04:21;345214;8304;332671;188;4239;Lazio, Italy;5,87E+15;2,41E+16
06-21-2021.csv;Lazio;Italy;22/06/2021 04:21;345285;8307;332833;162;4145;Lazio, Italy;5,87E+15;2,41E+16
06-22-2021.csv;Lazio;Italy;23/06/2021 04:21;345359;8308;333050;217;4001;Lazio, Italy;5,87E+15;2,41E+16
06-23-2021.csv;Lazio;Italy;24/06/2021 04:21;345456;8310;333254;204;3892;Lazio, Italy;5,88E+15;2,41E+15
06-24-2021.csv;Lazio;Italy;25/06/2021 04:21;345553;8313;333589;335;3651;Lazio, Italy;5,88E+16;2,41E+15
06-25-2021.csv;Lazio;Italy;26/06/2021 04:21;345644;8318;333712;123;3614;Lazio, Italy;5,88E+14;2,41E+14
06-26-2021.csv;Lazio;Italy;27/06/2021 04:21;345723;8321;333904;192;3498;Lazio, Italy;5,88E+15;2,41E+16
06-27-2021.csv;Lazio;Italy;28/06/2021 04:21;345816;8322;334023;119;3471;Lazio, Italy;5,88E+15;2,41E+15
06-28-2021.csv;Lazio;Italy;29/06/2021 04:21;345868;8327;334215;192;3326;Lazio, Italy;5,88E+16;2,41E+15
06-29-2021.csv;Lazio;Italy;30/06/2021 04:21;345914;8329;334345;130;3240;Lazio, Italy;5,88E+14;2,41E+15
06-30-2021.csv;Lazio;Italy;01/07/2021 04:21;345965;8336;334561;216;3068;Lazio, Italy;5,88E+15;2,41E+15
07-01-2021.csv;Lazio;Italy;02/07/2021 04:21;346037;8339;334670;109;3028;Lazio, Italy;5,89E+15;2,41E+15
07-02-2021.csv;Lazio;Italy;03/07/2021 04:21;346101;8344;334822;152;2935;Lazio, Italy;5,89E+15;2,41E+15
07-03-2021.csv;Lazio;Italy;04/07/2021 04:21;346186;8347;335002;180;2837;Lazio, Italy;5,89E+15;2,41E+16
07-04-2021.csv;Lazio;Italy;05/07/2021 04:21;346269;8349;335147;145;2773;Lazio, Italy;5,89E+15;2,41E+15
07-05-2021.csv;Lazio;Italy;06/07/2021 04:21;346352;8354;335218;71;2780;Lazio, Italy;5,89E+15;2,41E+15
07-06-2021.csv;Lazio;Italy;07/07/2021 04:21;346410;8358;335636;418;2416;Lazio, Italy;5,89E+15;2,41E+16
07-07-2021.csv;Lazio;Italy;08/07/2021 04:21;346514;8365;335883;247;2266;Lazio, Italy;5,89E+15;2,41E+16
07-08-2021.csv;Lazio;Italy;09/07/2021 04:21;346626;8369;336015;132;2242;Lazio, Italy;5,90E+15;2,41E+15
07-09-2021.csv;Lazio;Italy;10/07/2021 04:21;346761;8372;336245;230;2144;Lazio, Italy;5,90E+15;2,41E+16
07-10-2021.csv;Lazio;Italy;11/07/2021 04:21;346937;8375;336385;140;2177;Lazio, Italy;5,90E+15;2,41E+15
07-11-2021.csv;Lazio;Italy;12/07/2021 04:21;347101;8376;336494;109;2231;Lazio, Italy;5,90E+15;2,41E+15
07-12-2021.csv;Lazio;Italy;13/07/2021 04:21;347273;8377;336677;183;2219;Lazio, Italy;5,91E+15;2,41E+16
07-13-2021.csv;Lazio;Italy;14/07/2021 04:21;347439;8380;336904;227;2155;Lazio, Italy;5,91E+15;2,41E+16
07-14-2021.csv;Lazio;Italy;15/07/2021 04:21;347647;8381;337038;134;2228;Lazio, Italy;5,91E+14;2,41E+16
07-15-2021.csv;Lazio;Italy;16/07/2021 04:21;348000;8382;337228;190;2390;Lazio, Italy;5,92E+15;2,41E+16
07-16-2021.csv;Lazio;Italy;17/07/2021 04:22;348443;8384;337414;186;2645;Lazio, Italy;5,93E+16;2,41E+16
07-17-2021.csv;Lazio;Italy;18/07/2021 04:22;348943;8386;337589;175;2968;Lazio, Italy;5,94E+15;2,40E+16
07-18-2021.csv;Lazio;Italy;19/07/2021 04:21;349414;8386;337629;40;3399;Lazio, Italy;5,94E+15;2,40E+15
07-19-2021.csv;Lazio;Italy;20/07/2021 04:21;349848;8387;337827;198;3634;Lazio, Italy;5,95E+15;2,40E+16
07-20-2021.csv;Lazio;Italy;21/07/2021 04:21;350529;8388;338039;212;4102;Lazio, Italy;5,96E+15;2,39E+15
07-21-2021.csv;Lazio;Italy;22/07/2021 04:21;351145;8388;338193;154;4564;Lazio, Italy;5,97E+15;2,39E+15
07-22-2021.csv;Lazio;Italy;23/07/2021 04:21;351937;8389;338467;274;5081;Lazio, Italy;5,99E+15;2,38E+16
07-23-2021.csv;Lazio;Italy;24/07/2021 00:21;352791;8390;338574;107;5827;Lazio, Italy;6,00E+15;2,38E+14
07-24-2021.csv;Lazio;Italy;25/07/2021 04:22;353636;8390;338840;266;6406;Lazio, Italy;6,02E+15;2,37E+16
07-25-2021.csv;Lazio;Italy;26/07/2021 04:21;354296;8392;339045;205;6859;Lazio, Italy;6,03E+15;2,37E+15
07-26-2021.csv;Lazio;Italy;27/07/2021 04:21;354846;8394;339173;128;7279;Lazio, Italy;6,04E+14;2,37E+15
07-27-2021.csv;Lazio;Italy;28/07/2021 04:21;355389;8394;339476;303;7519;Lazio, Italy;6,04E+15;2,36E+16
07-28-2021.csv;Lazio;Italy;29/07/2021 04:21;356161;8396;339554;78;8211;Lazio, Italy;6,06E+15;2,36E+15
07-29-2021.csv;Lazio;Italy;30/07/2021 04:21;356941;8397;339650;96;8894;Lazio, Italy;6,07E+15;2,35E+15
07-30-2021.csv;Lazio;Italy;31/07/2021 04:21;357786;8401;339861;211;9524;Lazio, Italy;6,09E+15;2,35E+15
07-31-2021.csv;Lazio;Italy;01/08/2021 04:21;358528;8404;340049;188;10075;Lazio, Italy;6,10E+15;2,34E+16
08-01-2021.csv;Lazio;Italy;02/08/2021 04:21;359244;8404;340049;0;10791;Lazio, Italy;6,11E+16;2,34E+16
08-02-2021.csv;Lazio;Italy;03/08/2021 04:21;359536;8406;340049;0;11081;Lazio, Italy;6,12E+14;2,34E+16
08-03-2021.csv;Lazio;Italy;04/08/2021 04:21;359957;8409;340049;0;11499;Lazio, Italy;6,12E+15;2,34E+16
08-04-2021.csv;Lazio;Italy;05/08/2021 04:21;360470;8410;340049;0;12011;Lazio, Italy;6,13E+15;2,33E+15
08-05-2021.csv;Lazio;Italy;06/08/2021 04:21;361014;8416;;-340049;;Lazio, Italy;6,14E+14;2,33E+16
08-06-2021.csv;Lazio;Italy;07/08/2021 04:21;361776;8418;;0;;Lazio, Italy;6,15E+14;2,33E+15
08-07-2021.csv;Lazio;Italy;08/08/2021 04:21;362414;8419;;0;;Lazio, Italy;6,16E+16;2,32E+15
08-08-2021.csv;Lazio;Italy;09/08/2021 04:21;362968;8422;;0;;Lazio, Italy;6,17E+14;2,32E+15
08-09-2021.csv;Lazio;Italy;10/08/2021 04:21;363442;8425;;0;;Lazio, Italy;6,18E+15;2,32E+16
08-10-2021.csv;Lazio;Italy;11/08/2021 04:21;364145;8426;;0;;Lazio, Italy;6,19E+14;2,31E+16
08-11-2021.csv;Lazio;Italy;12/08/2021 04:21;364790;8429;;0;;Lazio, Italy;6,20E+15;2,31E+16
08-12-2021.csv;Lazio;Italy;13/08/2021 04:21;365357;8432;;0;;Lazio, Italy;6,21E+15;2,31E+16
08-13-2021.csv;Lazio;Italy;14/08/2021 04:21;365970;8435;;0;;Lazio, Italy;6,22E+15;2,30E+16
08-14-2021.csv;Lazio;Italy;15/08/2021 04:21;366553;8440;;0;;Lazio, Italy;6,23E+15;2,30E+16
08-15-2021.csv;Lazio;Italy;16/08/2021 04:21;367020;8441;;0;;Lazio, Italy;6,24E+15;2,30E+15
08-16-2021.csv;Lazio;Italy;17/08/2021 04:21;367439;8441;;0;;Lazio, Italy;6,25E+16;2,30E+16
08-17-2021.csv;Lazio;Italy;18/08/2021 04:21;367990;8449;;0;;Lazio, Italy;6,26E+15;2,30E+16
08-18-2021.csv;Lazio;Italy;19/08/2021 04:21;368693;8455;;0;;Lazio, Italy;6,27E+15;2,29E+15
08-19-2021.csv;Lazio;Italy;20/08/2021 04:21;369241;8461;;0;;Lazio, Italy;6,28E+15;2,29E+16
08-20-2021.csv;Lazio;Italy;21/08/2021 04:21;369902;8468;;0;;Lazio, Italy;6,29E+15;2,29E+16
08-21-2021.csv;Lazio;Italy;22/08/2021 04:21;370455;8476;;0;;Lazio, Italy;6,30E+14;2,29E+16
08-22-2021.csv;Lazio;Italy;23/08/2021 04:21;370909;8476;;0;;Lazio, Italy;6,31E+15;2,29E+15
08-23-2021.csv;Lazio;Italy;24/08/2021 04:21;371257;8484;;0;;Lazio, Italy;6,31E+15;2,29E+16
08-24-2021.csv;Lazio;Italy;25/08/2021 04:21;371682;8490;;0;;Lazio, Italy;6,32E+15;2,28E+16
08-25-2021.csv;Lazio;Italy;26/08/2021 04:21;372124;8494;;0;;Lazio, Italy;6,33E+14;2,28E+16
08-26-2021.csv;Lazio;Italy;27/08/2021 04:21;372706;8499;;0;;Lazio, Italy;6,34E+15;2,28E+15
08-27-2021.csv;Lazio;Italy;28/08/2021 04:21;373253;8501;;0;;Lazio, Italy;6,35E+11;2,28E+16
08-28-2021.csv;Lazio;Italy;29/08/2021 04:21;373700;8503;;0;;Lazio, Italy;6,36E+15;2,28E+15
08-29-2021.csv;Lazio;Italy;30/08/2021 04:21;374049;8508;;0;;Lazio, Italy;6,36E+15;2,27E+15
08-30-2021.csv;Lazio;Italy;31/08/2021 04:21;374370;8512;;0;;Lazio, Italy;6,37E+15;2,27E+15
08-31-2021.csv;Lazio;Italy;01/09/2021 04:21;374653;8517;;0;;Lazio, Italy;6,37E+15;2,27E+15
09-01-2021.csv;Lazio;Italy;02/09/2021 04:21;375003;8520;;0;;Lazio, Italy;6,38E+15;2,27E+15
09-02-2021.csv;Lazio;Italy;03/09/2021 04:21;375407;8524;;0;;Lazio, Italy;6,39E+15;2,27E+15
09-03-2021.csv;Lazio;Italy;04/09/2021 04:21;375837;8532;;0;;Lazio, Italy;6,39E+15;2,27E+16
09-04-2021.csv;Lazio;Italy;05/09/2021 04:21;376241;8540;;0;;Lazio, Italy;6,40E+15;2,27E+16
09-05-2021.csv;Lazio;Italy;06/09/2021 04:21;376658;8542;;0;;Lazio, Italy;6,41E+15;2,27E+15
09-06-2021.csv;Lazio;Italy;07/09/2021 04:21;376953;8549;;0;;Lazio, Italy;6,41E+16;2,27E+15
09-07-2021.csv;Lazio;Italy;08/09/2021 04:21;377307;8554;;0;;Lazio, Italy;6,42E+15;2,27E+16
09-08-2021.csv;Lazio;Italy;09/09/2021 04:21;377679;8556;;0;;Lazio, Italy;6,42E+15;2,27E+15
09-09-2021.csv;Lazio;Italy;10/09/2021 04:21;377989;8561;;0;;Lazio, Italy;6,43E+16;2,26E+15
09-10-2021.csv;Lazio;Italy;11/09/2021 04:21;378335;8563;;0;;Lazio, Italy;6,44E+15;2,26E+15
09-11-2021.csv;Lazio;Italy;12/09/2021 04:21;378697;8566;;0;;Lazio, Italy;6,44E+15;2,26E+16
09-12-2021.csv;Lazio;Italy;13/09/2021 04:21;379020;8571;;0;;Lazio, Italy;6,45E+14;2,26E+14
09-13-2021.csv;Lazio;Italy;14/09/2021 04:21;379291;8574;;0;;Lazio, Italy;6,45E+14;2,26E+15
09-14-2021.csv;Lazio;Italy;15/09/2021 03:22;379617;8579;;0;;Lazio, Italy;6,46E+15;2,26E+14
09-15-2021.csv;Lazio;Italy;16/09/2021 04:22;379988;8585;;0;;Lazio, Italy;6,46E+15;2,26E+16
09-16-2021.csv;Lazio;Italy;17/09/2021 04:21;380302;8588;;0;;Lazio, Italy;6,47E+15;2,26E+15
09-17-2021.csv;Lazio;Italy;18/09/2021 04:21;380670;8593;;0;;Lazio, Italy;6,47E+15;2,26E+14
09-18-2021.csv;Lazio;Italy;19/09/2021 04:21;381046;8595;;0;;Lazio, Italy;6,48E+15;2,26E+16
09-19-2021.csv;Lazio;Italy;20/09/2021 04:21;381323;8597;;0;;Lazio, Italy;6,49E+15;2,25E+16
09-20-2021.csv;Lazio;Italy;21/09/2021 04:21;381566;8603;;0;;Lazio, Italy;6,49E+15;2,25E+16
09-21-2021.csv;Lazio;Italy;22/09/2021 04:21;381867;8608;;0;;Lazio, Italy;6,50E+13;2,25E+16
09-22-2021.csv;Lazio;Italy;23/09/2021 04:21;382158;8612;;0;;Lazio, Italy;6,50E+15;2,25E+16
09-23-2021.csv;Lazio;Italy;24/09/2021 04:21;382530;8624;;0;;Lazio, Italy;6,51E+15;2,25E+15
09-24-2021.csv;Lazio;Italy;25/09/2021 04:21;382891;8630;;0;;Lazio, Italy;6,51E+15;2,25E+15
09-25-2021.csv;Lazio;Italy;26/09/2021 04:21;383197;8632;;0;;Lazio, Italy;6,52E+15;2,25E+16
09-26-2021.csv;Lazio;Italy;27/09/2021 04:21;383469;8638;;0;;Lazio, Italy;6,52E+15;2,25E+16
09-27-2021.csv;Lazio;Italy;28/09/2021 04:21;383686;8642;;0;;Lazio, Italy;6,53E+15;2,25E+15
09-28-2021.csv;Lazio;Italy;29/09/2021 04:21;383938;8645;;0;;Lazio, Italy;6,53E+15;2,25E+16
09-29-2021.csv;Lazio;Italy;30/09/2021 04:21;384213;8649;;0;;Lazio, Italy;6,54E+15;2,25E+14
09-30-2021.csv;Lazio;Italy;01/10/2021 04:21;384547;8655;;0;;Lazio, Italy;6,54E+15;2,25E+16
10-01-2021.csv;Lazio;Italy;02/10/2021 04:21;384836;8658;;0;;Lazio, Italy;6,55E+15;2,25E+15
10-02-2021.csv;Lazio;Italy;03/10/2021 04:21;385182;8661;;0;;Lazio, Italy;6,55E+15;2,25E+15
10-03-2021.csv;Lazio;Italy;04/10/2021 04:21;385460;8664;;0;;Lazio, Italy;6,56E+16;2,25E+15
10-04-2021.csv;Lazio;Italy;05/10/2021 04:21;385700;8667;;0;;Lazio, Italy;6,56E+15;2,25E+15
10-05-2021.csv;Lazio;Italy;06/10/2021 04:21;385921;8671;;0;;Lazio, Italy;6,56E+15;2,25E+16
10-06-2021.csv;Lazio;Italy;07/10/2021 04:21;386166;8674;;0;;Lazio, Italy;6,57E+15;2,25E+15
10-07-2021.csv;Lazio;Italy;08/10/2021 04:21;386466;8676;;0;;Lazio, Italy;6,57E+15;2,24E+15
10-08-2021.csv;Lazio;Italy;09/10/2021 04:21;386760;8679;;0;;Lazio, Italy;6,58E+15;2,24E+15
10-09-2021.csv;Lazio;Italy;10/10/2021 04:21;386990;8682;;0;;Lazio, Italy;6,58E+15;2,24E+15
10-10-2021.csv;Lazio;Italy;11/10/2021 04:21;387211;8685;;0;;Lazio, Italy;6,59E+15;2,24E+16
10-11-2021.csv;Lazio;Italy;12/10/2021 04:21;387399;8690;;0;;Lazio, Italy;6,59E+15;2,24E+14
10-12-2021.csv;Lazio;Italy;13/10/2021 04:20;387620;8693;;0;;Lazio, Italy;6,59E+14;2,24E+16
10-13-2021.csv;Lazio;Italy;14/10/2021 04:21;387814;8697;;0;;Lazio, Italy;6,60E+16;2,24E+16
10-14-2021.csv;Lazio;Italy;15/10/2021 04:21;388089;8700;;0;;Lazio, Italy;6,60E+15;2,24E+16
10-15-2021.csv;Lazio;Italy;16/10/2021 04:21;388437;8707;;0;;Lazio, Italy;6,61E+15;2,24E+16
10-16-2021.csv;Lazio;Italy;17/10/2021 04:21;388659;8712;;0;;Lazio, Italy;6,61E+15;2,24E+16
10-17-2021.csv;Lazio;Italy;18/10/2021 04:21;388947;8714;;0;;Lazio, Italy;6,62E+16;2,24E+15
10-18-2021.csv;Lazio;Italy;19/10/2021 04:20;389149;8722;;0;;Lazio, Italy;6,62E+15;2,24E+16
10-19-2021.csv;Lazio;Italy;20/10/2021 04:21;389475;8732;;0;;Lazio, Italy;6,62E+15;2,24E+16
10-20-2021.csv;Lazio;Italy;21/10/2021 04:21;389856;8736;;0;;Lazio, Italy;6,63E+15;2,24E+16
10-21-2021.csv;Lazio;Italy;22/10/2021 04:21;390287;8742;;0;;Lazio, Italy;6,64E+15;2,24E+16
10-22-2021.csv;Lazio;Italy;23/10/2021 04:21;390695;8746;;0;;Lazio, Italy;6,65E+15;2,24E+15
10-23-2021.csv;Lazio;Italy;24/10/2021 04:21;391118;8752;;0;;Lazio, Italy;6,65E+15;2,24E+16
10-24-2021.csv;Lazio;Italy;25/10/2021 04:22;391577;8755;;0;;Lazio, Italy;6,66E+14;2,24E+16
10-25-2021.csv;Lazio;Italy;26/10/2021 04:22;391963;8760;;0;;Lazio, Italy;6,67E+15;2,23E+16
10-26-2021.csv;Lazio;Italy;27/10/2021 04:22;392400;8770;;0;;Lazio, Italy;6,67E+16;2,23E+16
10-27-2021.csv;Lazio;Italy;28/10/2021 04:22;392903;8775;;0;;Lazio, Italy;6,68E+16;2,23E+16
10-28-2021.csv;Lazio;Italy;29/10/2021 04:22;393497;8780;;0;;Lazio, Italy;6,69E+15;2,23E+15
10-29-2021.csv;Lazio;Italy;30/10/2021 04:22;394080;8786;;0;;Lazio, Italy;6,70E+15;2,23E+15
10-30-2021.csv;Lazio;Italy;31/10/2021 04:22;394618;8794;;0;;Lazio, Italy;6,71E+15;2,23E+15
10-31-2021.csv;Lazio;Italy;01/11/2021 04:22;395146;8796;;0;;Lazio, Italy;6,72E+15;2,23E+14
11-01-2021.csv;Lazio;Italy;02/11/2021 04:22;395591;8799;;0;;Lazio, Italy;6,73E+15;2,22E+16
11-02-2021.csv;Lazio;Italy;03/11/2021 06:22;395979;8804;;0;;Lazio, Italy;6,74E+16;2,22E+16
11-03-2021.csv;Lazio;Italy;04/11/2021 04:22;396435;8807;;0;;Lazio, Italy;6,74E+15;2,22E+15
11-04-2021.csv;Lazio;Italy;05/11/2021 04:21;397099;8813;;0;;Lazio, Italy;6,75E+15;2,22E+16
11-05-2021.csv;Lazio;Italy;06/11/2021 04:21;397815;8820;;0;;Lazio, Italy;6,77E+15;2,22E+14
11-06-2021.csv;Lazio;Italy;07/11/2021 04:21;398622;8825;;0;;Lazio, Italy;6,78E+15;2,21E+16
11-07-2021.csv;Lazio;Italy;08/11/2021 04:21;399319;8827;;0;;Lazio, Italy;6,79E+15;2,21E+15
11-08-2021.csv;Lazio;Italy;09/11/2021 04:21;399768;8839;;0;;Lazio, Italy;6,80E+15;2,21E+15
11-09-2021.csv;Lazio;Italy;10/11/2021 04:21;400541;8851;;0;;Lazio, Italy;6,81E+15;2,21E+16
11-10-2021.csv;Lazio;Italy;11/11/2021 04:21;401337;8856;;0;;Lazio, Italy;6,83E+15;2,21E+16
11-11-2021.csv;Lazio;Italy;12/11/2021 04:22;402231;8864;;0;;Lazio, Italy;6,84E+15;2,20E+15
11-12-2021.csv;Lazio;Italy;13/11/2021 04:21;403304;8869;;0;;Lazio, Italy;6,86E+15;2,20E+16
11-13-2021.csv;Lazio;Italy;14/11/2021 04:21;404371;8878;;0;;Lazio, Italy;6,88E+15;2,20E+15
11-14-2021.csv;Lazio;Italy;15/11/2021 04:21;405238;8882;;0;;Lazio, Italy;6,89E+15;2,19E+16
11-15-2021.csv;Lazio;Italy;16/11/2021 04:21;405833;8892;;0;;Lazio, Italy;6,90E+13;2,19E+16
11-16-2021.csv;Lazio;Italy;17/11/2021 04:21;406660;8897;;0;;Lazio, Italy;6,92E+15;2,19E+16
11-17-2021.csv;Lazio;Italy;18/11/2021 04:21;407604;8902;;0;;Lazio, Italy;6,93E+15;2,18E+16
11-18-2021.csv;Lazio;Italy;19/11/2021 04:21;408693;8908;;0;;Lazio, Italy;6,95E+15;2,18E+15
11-19-2021.csv;Lazio;Italy;20/11/2021 04:22;409922;8912;;0;;Lazio, Italy;6,97E+16;2,17E+16
11-20-2021.csv;Lazio;Italy;21/11/2021 04:22;411001;8915;;0;;Lazio, Italy;6,99E+15;2,17E+16
11-21-2021.csv;Lazio;Italy;22/11/2021 04:22;412217;8920;;0;;Lazio, Italy;7,01E+15;2,16E+15
11-22-2021.csv;Lazio;Italy;23/11/2021 04:22;413157;8935;;0;;Lazio, Italy;7,03E+15;2,16E+16
11-23-2021.csv;Lazio;Italy;24/11/2021 04:22;414613;8939;;0;;Lazio, Italy;7,05E+15;2,16E+15
11-24-2021.csv;Lazio;Italy;25/11/2021 04:22;415896;8945;;0;;Lazio, Italy;7,07E+14;2,15E+16
11-25-2021.csv;Lazio;Italy;26/11/2021 04:22;417172;8951;;0;;Lazio, Italy;7,10E+16;2,15E+15
11-26-2021.csv;Lazio;Italy;27/11/2021 04:22;418738;8959;;0;;Lazio, Italy;7,12E+15;2,14E+15
11-27-2021.csv;Lazio;Italy;28/11/2021 04:22;419942;8965;;0;;Lazio, Italy;7,14E+15;2,13E+15
11-28-2021.csv;Lazio;Italy;29/11/2021 04:22;421197;8969;;0;;Lazio, Italy;7,16E+15;2,13E+15
11-29-2021.csv;Lazio;Italy;30/11/2021 04:22;422318;8974;;0;;Lazio, Italy;7,18E+15;2,12E+15
11-30-2021.csv;Lazio;Italy;01/12/2021 04:22;423571;8984;;0;;Lazio, Italy;7,20E+14;2,12E+16
12-01-2021.csv;Lazio;Italy;02/12/2021 04:22;425209;8992;;0;;Lazio, Italy;7,23E+14;2,11E+16
12-02-2021.csv;Lazio;Italy;03/12/2021 04:23;427019;8996;;0;;Lazio, Italy;7,26E+15;2,11E+16
12-03-2021.csv;Lazio;Italy;04/12/2021 04:22;428512;9003;;0;;Lazio, Italy;7,29E+15;2,10E+15
12-04-2021.csv;Lazio;Italy;05/12/2021 04:22;430344;9010;;0;;Lazio, Italy;7,32E+15;2,09E+16
12-05-2021.csv;Lazio;Italy;06/12/2021 04:22;431893;9012;;0;;Lazio, Italy;7,35E+15;2,09E+15
12-06-2021.csv;Lazio;Italy;07/12/2021 04:22;432899;9022;;0;;Lazio, Italy;7,36E+15;2,08E+16
12-07-2021.csv;Lazio;Italy;08/12/2021 04:22;434373;9034;;0;;Lazio, Italy;7,39E+15;2,08E+16
12-08-2021.csv;Lazio;Italy;09/12/2021 04:22;435927;9037;;0;;Lazio, Italy;7,41E+15;2,07E+15
12-09-2021.csv;Lazio;Italy;10/12/2021 04:22;437303;9047;;0;;Lazio, Italy;7,44E+15;2,07E+15
12-10-2021.csv;Lazio;Italy;11/12/2021 04:22;439174;9060;;0;;Lazio, Italy;7,47E+15;2,06E+15
12-11-2021.csv;Lazio;Italy;12/12/2021 04:22;440919;9070;;0;;Lazio, Italy;7,50E+15;2,06E+16
12-12-2021.csv;Lazio;Italy;13/12/2021 04:22;442884;9073;;0;;Lazio, Italy;7,53E+15;2,05E+16
12-13-2021.csv;Lazio;Italy;14/12/2021 04:22;444354;9081;;0;;Lazio, Italy;7,56E+15;2,04E+15
12-14-2021.csv;Lazio;Italy;15/12/2021 03:22;446275;9091;;0;;Lazio, Italy;7,59E+16;2,04E+16
12-15-2021.csv;Lazio;Italy;16/12/2021 04:22;448162;9102;;0;;Lazio, Italy;7,62E+15;2,03E+16
12-16-2021.csv;Lazio;Italy;17/12/2021 04:22;450814;9114;;0;;Lazio, Italy;7,67E+15;2,02E+14
12-17-2021.csv;Lazio;Italy;18/12/2021 02:22;452935;9124;;0;;Lazio, Italy;7,70E+15;2,01E+16
12-18-2021.csv;Lazio;Italy;19/12/2021 04:21;455344;9130;;0;;Lazio, Italy;7,75E+14;2,01E+15
12-19-2021.csv;Lazio;Italy;20/12/2021 04:21;457748;9143;;0;;Lazio, Italy;7,79E+16;2,00E+16
12-20-2021.csv;Lazio;Italy;21/12/2021 03:21;459386;9157;;0;;Lazio, Italy;7,81E+15;1,99E+16
12-21-2021.csv;Lazio;Italy;22/12/2021 04:21;461671;9170;;0;;Lazio, Italy;7,85E+15;1,99E+16
12-22-2021.csv;Lazio;Italy;23/12/2021 04:21;464168;9178;;0;;Lazio, Italy;7,90E+15;1,98E+16
12-23-2021.csv;Lazio;Italy;24/12/2021 04:21;467174;9193;;0;;Lazio, Italy;7,95E+15;1,97E+16
12-24-2021.csv;Lazio;Italy;25/12/2021 04:21;470649;9204;;0;;Lazio, Italy;8,01E+15;1,96E+16
12-25-2021.csv;Lazio;Italy;26/12/2021 04:21;474820;9208;;0;;Lazio, Italy;8,08E+15;1,94E+16
