ingressi_terapia_intensiva;;
217
201
192
150
144
192
152
251
208
195
152
138
199
191
183
189
160
121
161
201
216
149
165
133
148
167
256
175
202
145
134
154
136
202
183
156
187
183
181
168
196
165
164
156
170
124
142
176
152
155
144
174
120
150
162
115
102
148
132
97
145
158
133
147
132
144
105
139
146
155
151
153
118
126
122
154
113
177
151
137
125
162
197
178
178
188
163
131
171
222
222
232
222
214
161
231
278
253
266
226
270
243
243
319
324
249
244
243
232
227
317
300
260
288
264
217
192
269
283
244
232
234
195
192
221
276
259
192
186
175
167
242
216
211
199
163
163
141
182
155
174
153
143
114
132
177
168
129
137
143
109
121
136
142
127
109
110
103
80
100
91
81
99
63
60
69
86
70
69
51
64
48
48
46
39
38
41
29
27
38
41
33
24
22
20
20
25
17
24
30
21
25
20
11
26
9
15
11
10
12
9
10
4
12
8
9
10
5
9
4
7
3
2
7
2
11
8
8
8
6
6
4
7
7
11
13
9
3
16
11
9
12
10
21
16
11
16
9
20
20
25
22
25
26
14
25
32
29
24
39
26
40
37
35
37
29
32
49
50
40
26
40
33
45
46
34
38
42
42
44
50
49
40
49
42
53
37
32
40
38
38
37
40
36
35
29
32
30
34
31
40
21
38
40
30
35
26
22
29
19
23
26
20
27
21
22
18
24
24
17
16
13
18
21
19
22
20
12
15
26
27
25
22
22
20
18
16
37
27
32
18
20
17
33
34
31
36
37
23
26
35
52
34
37
47
39
29
41
41
39
55
39
50
35
54
61
49
57
58
68
39
58
64
62
55
60
59
45
45
89
62
69
76
76
54
60
93
84
101
70
95
78
73
96
92
93
102
106
85
100
119
126
134
119
135
104
103
153
132
177
120
154
142
114
185
156
156
136
141
128
122
150
134
155
148
121
132
101
131
123
125
126
118
95
112
107
104
95
114
1
